<?xml version="1.0" encoding="UTF-8" standalone="yes"?>
<addon id="repository.Monkeybusiness" name="MonkeyBusiness" version="0.0.1" provider-name="Maczilla">
	<extension point="xbmc.addon.repository" name="CHANGEME Repository">
		<dir>
			<info compressed="false">https://raw.githubusercontent.com/noobsandnerds/modules4all/master/zips/addons.xml</info>
			<checksum>https://raw.githubusercontent.com/noobsandnerds/modules4all/master/zips/addons.xml.md5</checksum>
			<datadir zip="true">https://raw.githubusercontent.com/noobsandnerds/modules4all/master/zips/</datadir>
		</dir>
		<info compressed="false">https://raw.githubusercontent.com/maczilla/repository.MonkeyBusiness/master/zips/addons.xml</info>
		<checksum>https://raw.githubusercontent.com/Maczilla/repository.Monkeybusiness/master/zips/addons.xml.md5</checksum>
		<datadir zip="true">https://raw.githubusercontent.com/maczilla/repository.Monkeybusiness/master/zips/</datadir>
	</extension>
	<extension point="xbmc.addon.metadata">
		<summary lang="en">test build</summary>
		<description lang="en">test build</description>
		<genre></genre>
	</extension>
</addon>