<?xml version="1.0" encoding="UTF-8" standalone="yes"?>
<addon id="plugin.video.MonkeyBusiness"
version="1.0.1"
name="[COLOR yellow][B]MonKey[/COLOR]Business[/B]"
provider-name="MacZilla">
<requires>
  <import addon="xbmc.python" version="2.25.0"/>
</requires>
<extension point="xbmc.python.pluginsource" library="main.py">
  <provides>video</provides>
</extension>
<extension point="xbmc.addon.metadata">
  <summary lang="en">[COLOR yellow][B]MonKey[/COLOR]Business - WorldWide Live TV</summary>
  <description lang="en_GB">Several steaming giants offer (almost) all TV from worldwide you could possibly want, in return for a monthly fee. These apps beam content straight to your phone for as long as you keep paying your subscription. You don't, however, wanna share your digital version of this app, then you'll lose access to these video libraries.</description>
  <disclaimer lang="en_GB">Try 48 Hours for Free.</disclaimer>
  <assets>
    <icon>icon.png</icon>
    <fanart>fanart.jpg</fanart>
    <screenshot>resources\screenshot-01.jpg</screenshot>
    <screenshot>resources\screenshot-02.jpg</screenshot>
    <screenshot>resources\screenshot-03.jpg</screenshot>    
  </assets>
  <news>Initial Release maybe</news>
</extension>
</addon>

